date,open,close,high,low,volume,amount
2023-01-03,5861.55,5955.9,5964.82,5848.15,99557837,119271237764.2
2023-01-04,5952.51,5952.45,5970.58,5922.86,97160441,114358731440.4
2023-01-05,5959.44,6010.46,6017.34,5950.09,96629979,117479981150.9
2023-01-06,6004.17,6012.82,6050.89,5998.83,99244877,121596399779.3
2023-01-09,6028.4,6040.02,6070.16,6023.64,100696829,124921325580.9
2023-01-10,6044.64,6048.3,6053.58,6017.15,96393351,113967056402.2
2023-01-11,6049.04,6014.16,6070.45,6004.22,94406389,112879598037.5
2023-01-12,6022.56,6015.29,6048.19,5995.91,92900124,104902996993.9
2023-01-13,6030.93,6057.69,6058.22,6015.22,90025020,102449872563.5
2023-01-16,6068.91,6126.18,6168.74,6068.14,129619730,146526749755.3
2023-01-17,6129.73,6132.64,6138.17,6107.76,95921699,109180206701.1
2023-01-18,6139.69,6151.46,6168.37,6136.97,94555836,103052545401.6
2023-01-19,6145.62,6204.33,6204.33,6130.42,99777793,114472416014.4
2023-01-20,6214.03,6251.43,6253.27,6214.03,113904542,128362190660.4
2023-01-30,6331.88,6283.33,6342.45,6279.45,146517920,173697713880.0
2023-01-31,6266.3,6289.15,6303.91,6259.53,135302093,146630404005.4
2023-02-01,6300.5,6365.91,6368.79,6293.49,152442220,166449081743.9
2023-02-02,6383.3,6370.14,6402.26,6347.73,149292811,166213113911.5
2023-02-03,6354.71,6343.69,6354.71,6267.44,121507182,138714379584.2
2023-02-06,6314.6,6302.33,6330.79,6274.54,108485308,127652063425.2
2023-02-07,6309.22,6317.24,6318.84,6273.6,109662683,125078065034.8
2023-02-08,6319.52,6268.28,6323.85,6263.76,105994895,116986269907.4
2023-02-09,6256.31,6354.56,6354.8,6250.45,109031119,129044254163.8
2023-02-10,6349.0,6334.25,6368.49,6296.55,120100829,134994907399.5
2023-02-13,6333.22,6383.83,6386.72,6331.37,131566227,151374560994.8
2023-02-14,6394.62,6397.21,6408.55,6369.57,124674389,143967118961.2
2023-02-15,6398.87,6384.35,6407.75,6365.31,115907022,143472324421.4
2023-02-16,6384.21,6289.48,6429.05,6244.48,168388416,190791364474.4
2023-02-17,6284.92,6237.41,6308.57,6237.41,117210985,143422448167.7
2023-02-20,6248.26,6346.07,6349.41,6227.35,140334075,157289265128.8
2023-02-21,6349.91,6383.42,6396.74,6337.6,141824714,153705795821.1
2023-02-22,6352.03,6375.07,6397.15,6344.99,109083029,128341320025.0
2023-02-23,6377.29,6360.32,6396.66,6328.64,116064654,135992246881.1
2023-02-24,6367.63,6340.84,6372.49,6308.22,96957281,119877925583.4
2023-02-27,6318.64,6307.21,6349.09,6288.3,101082738,124887490151.6
2023-02-28,6323.84,6357.54,6357.54,6293.18,96603163,119094834715.1
2023-03-01,6356.5,6402.14,6410.52,6340.0,123907639,144327640100.9
2023-03-02,6398.26,6382.23,6410.23,6375.01,125349297,147597102774.1
2023-03-03,6384.06,6390.32,6398.47,6346.96,123234775,140273359354.4
2023-03-06,6398.1,6395.22,6405.82,6362.47,126845634,155123686031.2
2023-03-07,6389.81,6284.3,6396.54,6284.22,137928869,149308292189.0
2023-03-08,6264.43,6301.52,6303.71,6258.32,98698357,114463801002.9
2023-03-09,6311.04,6285.95,6311.34,6258.45,92688914,111866575503.5
2023-03-10,6251.56,6204.9,6261.33,6202.61,108052290,129144574718.6
2023-03-13,6189.98,6245.0,6245.0,6178.67,108006552,132474098352.3
2023-03-14,6237.73,6189.4,6243.42,6127.69,121200145,149977754662.0
2023-03-15,6210.93,6224.64,6254.49,6210.93,112948528,129455795140.3
2023-03-16,6191.3,6140.83,6209.97,6133.83,127632685,143759016862.1
2023-03-17,6174.19,6183.18,6233.75,6169.84,137108334,157222487365.1
2023-03-20,6195.35,6160.35,6201.97,6152.81,145580891,167826184366.7
2023-03-21,6171.89,6234.68,6235.01,6171.28,123025331,144174739305.4
2023-03-22,6244.36,6269.74,6271.52,6242.16,128266386,149867921197.4
2023-03-23,6253.58,6305.76,6305.76,6245.98,129179648,164124553074.5
2023-03-24,6312.43,6310.1,6315.68,6279.54,141020989,179449338405.6
2023-03-27,6304.48,6311.6,6320.66,6265.01,144664863,184209306469.8
2023-03-28,6314.58,6279.92,6331.56,6272.72,139156104,174935282609.8
2023-03-29,6285.95,6260.55,6294.3,6239.94,131548284,166565424024.2
2023-03-30,6257.64,6286.18,6287.44,6213.97,123218599,155158644767.8
2023-03-31,6284.85,6339.82,6343.23,6282.14,129489835,164138969077.5
2023-04-03,6346.69,6413.81,6419.87,6346.69,163921048,215330527397.2
2023-04-04,6414.82,6408.9,6423.31,6377.53,157491755,218740913531.4
2023-04-06,6387.23,6416.85,6428.72,6382.03,144064448,207002794759.6
2023-04-07,6418.26,6464.47,6470.09,6416.68,127964625,177737436540.0
2023-04-10,6474.94,6410.52,6476.22,6395.37,145134187,203397862936.4
2023-04-11,6405.63,6420.88,6421.49,6381.06,142399109,188800337843.3
2023-04-12,6415.7,6443.44,6450.35,6407.2,149447956,188164796583.5
2023-04-13,6438.16,6404.65,6451.79,6396.02,156199573,196031015021.2
2023-04-14,6420.31,6431.07,6444.89,6390.92,145300668,190743030851.0
2023-04-17,6422.87,6459.24,6459.24,6421.39,168823079,196752268308.1
2023-04-18,6448.76,6449.85,6462.25,6422.05,143471341,184598154225.6
2023-04-19,6444.87,6416.97,6456.15,6404.99,148699774,192403574162.7
2023-04-20,6408.81,6411.76,6413.08,6376.35,150501294,196199845238.5
2023-04-21,6411.51,6250.54,6411.51,6250.54,162313297,210802112228.2
2023-04-24,6250.96,6208.78,6260.54,6184.71,147694845,191204975164.8
2023-04-25,6205.62,6118.15,6208.4,6042.64,162459277,200847244830.6
2023-04-26,6095.13,6142.15,6178.17,6093.2,152166354,197699832955.3
2023-04-27,6127.64,6157.94,6190.25,6121.61,143136116,179308956550.4
2023-04-28,6151.64,6241.24,6245.55,6151.64,167876482,199335712325.8
2023-05-04,6223.23,6262.39,6264.52,6218.78,202487970,215098748101.1
2023-05-05,6255.7,6200.58,6256.23,6172.69,178261017,192217857467.7
2023-05-08,6202.68,6248.58,6259.69,6200.15,202718255,198162493586.1
2023-05-09,6242.66,6181.98,6274.9,6177.65,224389467,215437054342.0
2023-05-10,6167.13,6173.81,6199.16,6137.15,175453727,180485291578.1
2023-05-11,6185.67,6154.47,6190.39,6151.07,146064946,152275213604.4
2023-05-12,6138.94,6091.65,6173.91,6088.22,140410664,142316419328.4
2023-05-15,6094.68,6159.39,6159.39,6036.81,149843583,159620224620.0
2023-05-16,6159.17,6110.83,6159.17,6095.69,121841116,142447474647.0
2023-05-17,6097.98,6122.05,6137.02,6090.88,107266349,125585549046.7
2023-05-18,6132.52,6128.18,6153.99,6101.24,122942111,144557618052.5
2023-05-19,6116.84,6117.08,6149.14,6085.04,119304896,147524516028.4
2023-05-22,6111.84,6115.32,6136.86,6086.23,112715682,126363418363.6
2023-05-23,6114.21,6052.43,6117.36,6052.43,111104244,120628486661.7
2023-05-24,6032.69,6005.79,6058.39,5988.03,107223414,116914166402.6
2023-05-25,6000.22,5988.19,6028.64,5926.2,109922832,126769237204.5
2023-05-26,5983.14,6034.98,6045.13,5953.88,106381588,123263014837.6
2023-05-29,6046.54,6025.16,6058.92,6012.4,125139417,146808330637.6
2023-05-30,6008.46,6061.31,6061.31,5960.34,127312017,151849134859.6
2023-05-31,6044.02,6047.8,6063.19,6009.25,117476106,144653727477.5
2023-06-01,6028.8,6051.46,6094.24,6008.27,126250315,154907281920.7
2023-06-02,6061.91,6105.22,6115.07,6061.91,122306738,142073539923.0
2023-06-05,6102.13,6097.11,6107.12,6075.59,115747953,131118706647.8
2023-06-06,6088.66,5983.42,6089.07,5969.29,123045387,133636232835.4
2023-06-07,5982.31,5987.01,6010.03,5969.16,93597892,113593743557.7
2023-06-08,5971.72,5966.15,5992.97,5922.39,108981632,124387889683.3
2023-06-09,5968.7,6009.58,6017.28,5960.11,127553432,158760400688.5
2023-06-12,5999.62,6027.71,6045.66,5987.27,113612471,151203107291.2
2023-06-13,6016.69,6044.04,6047.06,6014.06,98680298,134425849549.1
2023-06-14,6046.44,6044.08,6064.29,6034.47,109689021,148046160093.7
2023-06-15,6049.47,6096.81,6100.23,6046.16,118417734,165700035083.1
2023-06-16,6094.84,6148.01,6154.93,6091.18,115349568,165690149218.5
2023-06-19,6148.85,6131.38,6148.85,6126.39,113787209,164780447140.9
2023-06-20,6122.74,6126.11,6144.01,6100.14,106630832,161419763306.8
2023-06-21,6104.25,5990.85,6104.25,5990.79,106447766,154200972220.3
2023-06-26,5947.57,5887.03,5970.61,5875.94,111081791,148203624502.1
2023-06-27,5897.69,5948.0,5956.18,5884.95,93039155,118625135535.9
2023-06-28,5945.64,5942.31,5951.13,5857.13,93944302,128454934662.7
2023-06-29,5928.71,5940.58,5964.86,5924.28,88376857,123484005846.8
2023-06-30,5931.87,5998.73,6016.45,5927.94,94504668,133367471516.9
2023-07-03,6009.27,6042.31,6056.16,5997.85,113075905,153065229521.6
2023-07-04,6042.72,6055.26,6059.57,6027.29,105583765,144484638910.0
2023-07-05,6050.35,6020.82,6059.38,6011.87,104129041,142198505817.2
2023-07-06,6010.66,5988.55,6042.29,5983.48,93965038,131979482562.6
2023-07-07,5973.98,5961.61,5994.28,5936.23,94118346,121687700019.0
2023-07-10,5980.61,5984.28,6003.4,5958.73,85168564,113940191969.5
2023-07-11,5991.02,6029.23,6029.23,5972.14,84531897,117919697046.3
2023-07-12,6030.64,5962.79,6033.58,5960.43,96692241,134419386322.7
2023-07-13,5986.25,6044.06,6049.06,5986.25,99656398,138941870295.0
2023-07-14,6052.95,6030.52,6055.53,6026.33,94963197,137880575951.9
2023-07-17,6012.76,6012.69,6018.07,5985.44,88420212,124991560881.3
2023-07-18,6015.98,6001.8,6027.61,5984.06,87719910,121310187887.2
2023-07-19,5998.38,5993.41,6017.45,5962.99,77791034,104054562581.1
2023-07-20,5996.84,5925.48,6009.43,5920.15,91195368,123684933457.2
2023-07-21,5914.35,5925.63,5961.05,5904.79,81975307,107065413903.9
2023-07-24,5913.57,5916.71,5954.24,5896.45,75928001,99623302711.1
2023-07-25,5976.97,6016.63,6016.75,5971.73,131896392,145732847141.7
2023-07-26,6014.76,6001.54,6015.58,5984.39,121825219,120547387629.8
2023-07-27,5998.85,5961.18,6017.67,5952.89,123000825,117272101565.3
2023-07-28,5945.91,6043.24,6049.76,5932.06,163171871,149147477703.5
2023-07-31,6059.11,6088.24,6133.72,6059.11,186551103,179595743483.0
2023-08-01,6086.9,6098.88,6113.98,6077.11,187588600,166628364673.4
2023-08-02,6088.14,6077.46,6111.24,6059.87,147154529,135758673344.6
2023-08-03,6062.64,6098.69,6101.81,6047.68,146479011,138777463929.6
2023-08-04,6126.15,6128.56,6164.16,6105.64,196943501,186850093568.5
2023-08-07,6115.84,6090.73,6117.92,6072.54,145319137,154416328543.1
2023-08-08,6077.3,6066.1,6088.1,6044.24,121545728,131357351526.3
2023-08-09,6049.45,6021.75,6062.02,6012.25,98809174,116294678353.9
2023-08-10,6013.35,6031.71,6040.46,5999.56,99842638,103950301369.3
2023-08-11,6030.05,5913.35,6030.05,5913.35,113072007,115393420336.3
2023-08-14,5864.48,5916.8,5919.8,5833.46,103675706,116321082192.1
2023-08-15,5919.77,5879.78,5926.42,5830.97,92417381,107626210841.9
2023-08-16,5858.6,5833.22,5891.81,5833.22,104950425,114013689380.0
2023-08-17,5808.91,5874.36,5882.15,5778.53,113576384,120852973476.6
2023-08-18,5875.11,5777.8,5891.4,5777.8,102931845,109766358594.4
2023-08-21,5764.67,5710.78,5802.51,5710.78,92835698,96691987125.6
2023-08-22,5733.25,5741.06,5754.57,5646.51,106175193,120035178924.1
2023-08-23,5732.39,5629.5,5732.39,5629.5,94186725,101871329162.8
2023-08-24,5650.36,5652.67,5701.32,5619.33,108086771,120640882887.6
2023-08-25,5624.77,5581.21,5648.62,5560.22,106241602,114730298316.4
2023-08-28,5885.88,5644.14,5887.51,5631.69,185745619,181457042375.4
2023-08-29,5631.01,5770.32,5789.96,5626.52,160851895,165476278766.7
2023-08-30,5780.28,5775.15,5817.73,5753.22,136004384,145078565405.8
2023-08-31,5770.95,5739.4,5777.42,5728.47,116335134,121252796160.9
2023-09-01,5746.41,5750.8,5775.18,5732.97,104179103,107061408580.6
2023-09-04,5772.03,5829.78,5829.78,5758.03,135648873,135994054181.1
2023-09-05,5819.97,5788.71,5822.06,5779.37,106517658,114971726102.7
2023-09-06,5771.85,5790.38,5800.96,5748.65,90480502,106512753384.6
2023-09-07,5782.07,5702.7,5782.07,5701.8,92920518,105713167275.8
2023-09-08,5684.66,5708.62,5732.37,5683.4,79520028,93059123325.2
2023-09-11,5723.02,5774.73,5802.21,5704.7,112837137,132425678094.5
2023-09-12,5774.47,5770.93,5793.83,5763.3,86041207,105032116597.9
2023-09-13,5764.82,5715.4,5770.41,5681.5,91472473,101933192541.5
2023-09-14,5714.67,5702.1,5721.21,5679.2,90247792,97979765540.8
2023-09-15,5716.29,5704.66,5741.07,5680.9,98375964,110557876200.1
2023-09-18,5685.85,5719.69,5734.19,5665.58,92305722,109249767455.6
2023-09-19,5713.49,5687.9,5713.6,5670.42,85112102,94544819485.1
2023-09-20,5677.92,5651.01,5689.83,5651.01,77634158,84080282560.4
2023-09-21,5638.44,5611.92,5666.7,5609.21,81931509,84847061987.6
2023-09-22,5606.83,5698.82,5700.32,5603.81,104118982,120276386023.4
2023-09-25,5694.9,5666.66,5699.15,5659.32,93340719,114172282948.0
2023-09-26,5661.03,5646.65,5682.28,5646.65,74309615,100424427689.8
2023-09-27,5642.39,5674.35,5701.51,5641.85,81086240,102149151673.6
2023-09-28,5687.64,5690.77,5704.62,5677.53,79477338,101456952317.7
2023-10-09,5679.64,5658.08,5680.95,5634.35,90029836,109095282387.9
2023-10-10,5665.66,5630.37,5678.46,5627.41,87726425,104621240810.9
2023-10-11,5639.07,5629.79,5674.25,5617.87,90644826,112202131187.6
2023-10-12,5655.61,5671.64,5677.82,5642.49,100502986,119947478383.3
2023-10-13,5645.44,5633.38,5646.07,5616.85,89391702,110878380412.7
2023-10-16,5633.3,5580.67,5636.32,5559.42,89867550,107684372825.8
2023-10-17,5585.14,5595.34,5599.42,5556.57,92516737,105060399668.5
2023-10-18,5586.02,5524.6,5586.02,5519.46,98953562,110310590720.5
2023-10-19,5496.76,5464.03,5529.87,5463.65,108078335,117347195293.0
2023-10-20,5443.46,5423.67,5473.21,5413.02,94936115,107713531625.7
2023-10-23,5400.54,5290.33,5400.79,5269.83,103083126,112227737477.3
2023-10-24,5311.67,5352.01,5363.2,5290.5,114745729,126190795980.9
2023-10-25,5386.43,5376.0,5423.01,5376.0,114921244,129741397087.7
2023-10-26,5351.16,5398.93,5404.99,5337.49,102485044,116893043685.1
2023-10-27,5387.27,5492.03,5514.31,5380.94,112542804,132776259320.2
2023-10-30,5484.62,5546.39,5559.78,5483.16,123034185,153066651404.1
2023-10-31,5547.32,5528.24,5554.19,5505.93,105679375,127527068558.9
2023-11-01,5534.89,5509.97,5534.94,5496.83,87185785,105639439602.5
2023-11-02,5514.52,5459.45,5532.85,5457.75,90202645,101795786004.1
2023-11-03,5462.14,5510.36,5537.73,5462.14,97990576,114009935832.3
2023-11-06,5549.29,5605.06,5609.26,5549.29,139241046,156664899021.4
2023-11-07,5594.47,5611.1,5631.1,5578.51,120579321,139898836824.0
2023-11-08,5602.97,5608.02,5633.97,5577.39,122994558,139708501031.2
2023-11-09,5602.49,5592.06,5638.08,5582.12,106362800,123039510738.4
2023-11-10,5577.34,5573.1,5585.21,5550.82,94324024,109671917967.6
2023-11-13,5589.06,5605.57,5605.57,5565.09,102158932,117833772398.6
2023-11-14,5602.98,5630.55,5639.19,5600.78,101073136,116072656381.1
2023-11-15,5677.55,5664.62,5684.75,5649.72,113087937,131864342620.6
2023-11-16,5647.06,5609.36,5652.4,5609.36,94662677,105765074960.8
2023-11-17,5598.95,5631.42,5632.39,5593.49,89422342,101443839223.4
2023-11-20,5635.59,5659.77,5669.38,5609.27,103105072,119885024783.4
2023-11-21,5669.17,5641.08,5696.09,5634.27,114861205,126740611037.5
2023-11-22,5622.86,5572.9,5639.0,5572.9,104718408,109971792008.8
2023-11-23,5566.73,5622.99,5627.79,5548.97,98042432,101151204629.6
2023-11-24,5619.32,5570.42,5619.32,5556.71,101248044,100701104772.1
2023-11-27,5562.75,5566.51,5579.72,5531.65,98218653,107690772117.8
2023-11-28,5561.58,5591.5,5594.72,5529.54,89373272,98930980618.3
2023-11-29,5588.77,5553.33,5593.37,5547.84,89509151,96924084400.2
2023-11-30,5548.52,5545.05,5560.33,5509.96,87841505,95350481599.1
2023-12-01,5541.23,5566.87,5576.73,5521.06,93371708,107454844321.7
2023-12-04,5578.42,5559.07,5590.84,5559.07,99306543,119628388288.4
2023-12-05,5542.87,5460.41,5542.87,5460.41,91298248,103824359571.7
2023-12-06,5448.46,5481.82,5513.09,5443.07,88373997,102084528903.4
2023-12-07,5475.27,5481.14,5501.48,5443.29,89048687,103621973820.8
2023-12-08,5484.68,5497.99,5522.06,5477.53,118123774,140788027712.1
2023-12-11,5473.65,5564.85,5574.12,5429.44,118605911,140631297822.3
2023-12-12,5560.44,5566.18,5576.01,5545.16,84232331,110639096839.0
2023-12-13,5557.05,5507.51,5558.06,5507.51,75929894,96464641302.3
2023-12-14,5532.99,5489.33,5557.37,5487.75,74118097,89999982306.2
2023-12-15,5499.37,5449.79,5516.22,5438.53,80125418,94631897359.6
2023-12-18,5436.99,5385.27,5448.08,5374.59,78022493,88053828533.8
2023-12-19,5380.73,5379.87,5406.96,5344.03,70323722,82191407660.2
2023-12-20,5386.0,5309.29,5388.46,5308.57,75387097,86209163297.2
2023-12-21,5286.45,5338.76,5352.5,5253.32,81522318,96981042377.4
2023-12-22,5337.38,5311.69,5366.23,5293.22,90387004,108918439607.9
2023-12-25,5301.57,5315.37,5339.66,5288.47,65918772,81018151918.5
2023-12-26,5312.8,5258.28,5313.92,5238.04,67532007,80910364895.8
2023-12-27,5261.57,5285.53,5293.8,5235.46,75397918,84253444705.4
2023-12-28,5280.69,5382.8,5400.24,5275.4,107699239,126896204801.3
2023-12-29,5376.98,5429.23,5437.15,5374.69,90931766,112533613054.4
2024-01-02,5431.48,5409.46,5439.48,5409.46,92964747,106839922689.4
2024-01-03,5398.29,5401.4,5428.52,5373.83,86705229,99883598918.1
2024-01-04,5395.14,5355.32,5395.14,5331.89,78846568,91011406056.3
2024-01-05,5347.07,5281.87,5373.68,5260.59,89538884,101084569596.5
2024-01-08,5268.23,5167.7,5268.98,5167.7,83785155,92792791379.5
2024-01-09,5176.11,5180.65,5220.46,5153.0,78740418,90959823751.5
2024-01-10,5167.73,5158.08,5211.82,5118.43,71173946,84227807644.4
2024-01-11,5152.36,5223.86,5243.14,5146.9,85041295,106151947191.7
2024-01-12,5213.14,5206.18,5262.62,5206.16,76619831,93271394880.1
2024-01-15,5189.53,5193.3,5238.96,5171.24,73925097,88027788849.7
2024-01-16,5188.37,5190.4,5210.08,5124.08,83070371,92337607304.7
2024-01-17,5180.93,5061.54,5180.93,5061.54,78741849,87930639304.5
2024-01-18,5033.1,5066.96,5069.23,4924.68,118751055,123436419725.2
2024-01-19,5056.48,5018.43,5084.29,5014.77,78467383,92039421274.4
2024-01-22,5008.68,4780.97,5008.77,4753.63,109708492,115622857135.0
2024-01-23,4771.5,4865.74,4889.42,4727.88,99944718,107808853142.3
2024-01-24,4886.2,4933.7,4941.44,4766.8,114025805,112683270494.8
2024-01-25,4931.63,5073.18,5074.49,4910.96,132307766,134822852027.2
2024-01-26,5055.29,5027.09,5086.13,5009.97,117009836,119232918977.8
2024-01-29,5032.11,4927.91,5050.11,4927.91,116876657,117835011090.9
2024-01-30,4898.36,4814.99,4939.35,4810.1,99675811,95474113525.6
2024-01-31,4786.81,4696.98,4832.4,4690.94,121093158,116592536773.1
2024-02-01,4667.91,4678.73,4771.05,4629.99,111471910,107508825587.6
2024-02-02,4686.1,4563.22,4724.05,4435.56,137501832,124953077788.8
2024-02-05,4527.71,4460.26,4598.06,4281.24,165958337,143547017412.4
2024-02-06,4411.3,4805.9,4817.12,4405.31,173058335,156485198829.2
2024-02-07,4813.95,5109.57,5110.8,4813.23,227198934,212618286127.8
2024-02-08,5131.8,5150.23,5367.22,5129.78,213676123,212255665093.8
2024-02-19,5225.14,5141.6,5225.14,5074.76,162949893,172805832899.6
2024-02-20,5107.57,5140.96,5151.72,5072.88,121646379,133242205643.5
2024-02-21,5101.41,5139.04,5252.88,5074.82,150872501,155561259421.7
2024-02-22,5133.55,5176.34,5184.62,5117.68,116614806,127546517889.3
2024-02-23,5190.65,5197.71,5197.71,5118.57,135265004,145442447176.8
2024-02-26,5194.74,5195.46,5255.36,5162.95,144018944,152600869381.9
2024-02-27,5174.82,5307.8,5307.8,5160.88,138971751,157201596730.4
2024-02-28,5311.43,5184.05,5383.32,5184.05,202560985,214135426954.0
2024-02-29,5154.15,5346.79,5349.77,5154.15,160790165,178975999913.2
2024-03-01,5350.86,5379.05,5387.78,5321.56,142298395,171103270101.0
2024-03-04,5386.94,5388.82,5400.12,5325.96,143928469,175906403369.0
2024-03-05,5358.22,5351.83,5382.98,5329.97,140816479,174282675002.5
2024-03-06,5332.83,5350.1,5405.49,5293.95,121099564,146843351594.8
2024-03-07,5354.33,5277.3,5384.66,5277.3,139831342,157442183149.0
2024-03-08,5282.41,5349.6,5361.71,5268.53,121467978,144003562005.9
2024-03-11,5342.18,5441.05,5443.04,5339.26,142981732,173588864750.5
2024-03-12,5445.88,5423.72,5473.29,5385.14,147072536,178848761377.9
2024-03-13,5430.04,5415.11,5459.32,5389.53,129746301,164526330861.1
2024-03-14,5415.15,5392.93,5447.54,5352.12,131887357,157337167775.7
2024-03-15,5380.02,5454.15,5456.73,5357.18,136405030,158718756617.2
2024-03-18,5472.31,5528.45,5528.45,5459.55,159862638,190794115131.3
2024-03-19,5514.55,5478.22,5533.64,5477.12,146777240,176661748327.6
2024-03-20,5469.61,5493.41,5499.24,5455.76,126273262,157036230421.8
2024-03-21,5505.7,5465.83,5517.46,5454.23,129489458,159252387801.8
2024-03-22,5454.41,5384.57,5463.54,5356.11,137096029,163185963748.5
2024-03-25,5369.78,5294.75,5401.6,5292.64,130778254,156251665726.7
2024-03-26,5291.52,5284.42,5318.88,5237.9,116468112,145296216679.9
2024-03-27,5280.73,5156.68,5282.7,5156.68,110107142,129828707609.3
2024-03-28,5156.48,5223.81,5276.64,5156.48,116318192,140612607112.3
2024-03-29,5220.55,5286.16,5287.04,5211.19,109047149,126574031377.1
2024-04-01,5309.83,5401.22,5401.78,5309.83,136734854,166553105409.3
2024-04-02,5395.48,5381.23,5402.16,5353.31,132148642,155779915085.8
2024-04-03,5373.5,5374.6,5386.34,5350.16,133628053,154114398165.9
2024-04-08,5358.96,5298.59,5383.66,5297.56,148588559,161260958590.0
2024-04-09,5294.47,5342.9,5342.9,5284.96,113300745,133262737277.5
2024-04-10,5335.73,5275.47,5335.73,5242.86,117908618,132251020973.6
2024-04-11,5244.05,5301.81,5353.81,5240.51,127745143,141290912857.4
2024-04-12,5307.72,5277.22,5336.45,5270.46,118524933,136145117631.0
2024-04-15,5270.04,5339.72,5376.05,5219.43,159217624,169269295711.9
2024-04-16,5309.1,5191.55,5346.76,5184.65,162583973,168778499341.7
2024-04-17,5211.25,5339.75,5339.75,5211.25,147594552,155660732929.5
2024-04-18,5317.8,5349.84,5410.7,5299.23,153497682,167338860159.0
2024-04-19,5322.36,5314.87,5369.95,5292.02,142134216,156010347135.9
2024-04-22,5289.41,5267.58,5340.63,5264.19,135266882,150190436487.7
2024-04-23,5257.77,5208.27,5280.06,5196.96,125801120,139018868110.2
2024-04-24,5210.18,5263.04,5263.04,5183.7,117297220,139471094806.5
2024-04-25,5240.48,5259.34,5297.16,5229.82,110833929,127544603285.3
2024-04-26,5258.38,5372.12,5379.67,5258.38,173777701,193788859192.2
2024-04-29,5371.21,5478.49,5488.28,5371.21,190936055,212148850246.6
2024-04-30,5471.17,5441.14,5478.04,5436.58,162797344,175143689576.2
2024-05-06,5498.44,5528.6,5535.95,5496.91,165791626,187906843862.2
2024-05-07,5532.32,5527.08,5543.13,5507.5,136535402,162155744860.2
2024-05-08,5516.45,5458.76,5516.45,5454.87,123955621,139472996786.3
2024-05-09,5461.36,5556.77,5568.73,5461.36,131121230,153999870752.3
2024-05-10,5562.19,5535.4,5570.57,5497.5,128688030,144026969940.9
2024-05-13,5503.13,5505.26,5527.2,5462.51,131627588,146159918962.1
2024-05-14,5508.47,5500.74,5538.74,5484.96,118994399,132592062465.6
2024-05-15,5495.56,5446.66,5497.08,5441.35,110124989,121525793558.0
2024-05-16,5461.11,5424.67,5475.37,5408.13,122108119,133148761562.0
2024-05-17,5418.66,5491.89,5493.2,5409.7,126916168,139244609264.9
2024-05-20,5496.79,5523.5,5536.66,5484.36,144971448,163572079873.3
2024-05-21,5511.48,5478.91,5513.42,5460.98,108691192,123832374658.6
2024-05-22,5472.01,5468.61,5486.3,5455.08,113057782,126572719199.3
2024-05-23,5448.94,5362.31,5448.94,5352.39,126657569,135749197020.0
2024-05-24,5348.51,5313.45,5400.16,5311.49,106564175,117396142024.9
2024-05-27,5325.85,5371.37,5373.11,5284.51,115643229,124785634504.8
2024-05-28,5363.33,5316.13,5365.47,5310.32,110965373,120979080988.0
2024-05-29,5308.59,5328.31,5361.74,5305.96,104361267,112762595771.6
2024-05-30,5316.4,5308.66,5349.69,5296.49,107350187,114757614217.4
2024-05-31,5310.72,5308.54,5357.02,5308.54,104151147,113019704335.1
2024-06-03,5300.79,5274.07,5316.34,5232.69,126968515,129543758977.7
2024-06-04,5263.23,5341.95,5352.28,5247.58,108083144,117835610768.9
2024-06-05,5328.87,5277.94,5347.43,5277.94,105792757,111608396273.0
2024-06-06,5291.52,5228.8,5305.88,5213.66,133368231,135739981470.4
2024-06-07,5247.15,5208.98,5258.82,5172.05,113527478,118553769519.2
2024-06-11,5182.41,5217.47,5232.85,5159.33,116437116,119660626659.4
2024-06-12,5209.13,5232.95,5245.99,5205.57,103065569,111341271703.7
2024-06-13,5231.91,5194.59,5233.8,5182.74,118232764,123194241679.1
2024-06-14,5180.29,5213.09,5235.88,5163.38,133998620,146009261400.6
2024-06-17,5189.28,5207.13,5223.59,5184.6,107970664,135704407617.0
2024-06-18,5207.98,5230.89,5243.59,5204.97,94090903,120391272834.4
2024-06-19,5235.48,5168.82,5236.3,5168.82,87849590,111740529823.1
2024-06-20,5162.16,5094.57,5184.75,5092.29,95609003,113062777426.7
2024-06-21,5079.92,5102.33,5128.14,5071.65,83838907,98090349439.3
2024-06-24,5072.8,4992.91,5078.96,4986.77,100186646,113108464981.7
2024-06-25,4989.07,4948.63,5007.34,4918.04,91636779,104683752506.4
2024-06-26,4942.17,5020.43,5024.77,4915.66,93394621,102152255030.0
2024-06-27,4998.99,4928.05,5000.18,4925.16,88537187,97364975399.3
2024-06-28,4914.67,4942.78,5003.41,4914.55,106308342,114743251798.9
2024-07-01,4943.79,5003.16,5017.61,4929.09,97312793,110821074065.9
2024-07-02,5000.58,4949.48,5002.74,4934.12,96209334,105902911013.0
2024-07-03,4945.4,4910.92,4950.51,4905.39,84528331,96121126342.0
2024-07-04,4917.44,4834.5,4935.61,4827.34,91008466,98771611006.7
2024-07-05,4828.86,4866.26,4877.93,4794.13,83133279,93724633826.8
2024-07-08,4857.02,4783.62,4857.27,4768.56,90254500,96789200226.5
2024-07-09,4775.31,4876.9,4888.48,4745.32,111401968,126704548339.3
2024-07-10,4857.48,4844.16,4891.37,4836.17,100953186,117244916014.0
2024-07-11,4902.81,4939.73,4941.7,4871.17,115275494,133127527342.5
2024-07-12,4926.98,4919.36,4937.35,4905.8,97175106,115594261299.6
2024-07-15,4903.52,4883.9,4903.52,4868.74,86824312,102734711417.3
2024-07-16,4877.6,4898.36,4907.83,4850.43,87267978,113648284397.5
2024-07-17,4893.41,4856.58,4900.36,4853.6,96909547,117932902593.7
2024-07-18,4822.13,4877.69,4879.69,4793.43,96654750,115283847816.1
2024-07-19,4853.04,4872.05,4900.38,4842.93,93290746,111989382468.3
2024-07-22,4872.64,4865.98,4885.36,4839.11,92710458,110307683161.2
2024-07-23,4862.97,4722.8,4862.97,4722.8,102403712,110578297603.3
2024-07-24,4712.29,4668.06,4738.76,4661.83,112674635,103026731862.0
2024-07-25,4644.42,4665.45,4710.46,4635.24,88600074,95885153870.2
2024-07-26,4670.45,4736.38,4744.45,4670.45,86472049,94118612207.0
2024-07-29,4740.5,4708.84,4742.15,4702.98,81102039,90979232032.0
2024-07-30,4694.52,4699.28,4712.04,4650.56,83353382,86181033613.6
2024-07-31,4694.73,4886.41,4887.92,4687.05,143180919,146601666177.8
2024-08-01,4893.87,4852.97,4928.24,4834.65,113213393,119765528788.7
2024-08-02,4816.94,4788.62,4874.71,4783.12,98529844,105654740577.4
2024-08-05,4756.08,4693.85,4846.54,4693.82,113338148,123487463651.4
2024-08-06,4740.45,4750.78,4774.93,4699.18,107774770,105286322238.1
2024-08-07,4747.98,4751.94,4783.42,4719.94,96989481,96834771203.2
2024-08-08,4737.09,4755.81,4791.66,4701.79,104309253,95364149202.0
2024-08-09,4778.26,4720.31,4805.1,4720.31,108819586,88057504682.2
2024-08-12,4716.96,4714.16,4737.19,4696.05,89100832,76375856580.1
2024-08-13,4713.96,4731.84,4731.84,4680.59,81365173,71101413451.5
2024-08-14,4729.81,4667.07,4730.24,4667.07,74588030,68308163886.2
2024-08-15,4656.7,4698.38,4746.41,4647.79,90973293,83712897622.1
2024-08-16,4703.6,4670.38,4708.02,4662.11,87379580,81927269812.8
2024-08-19,4666.33,4682.96,4729.87,4666.26,87136867,80742361426.1
2024-08-20,4684.29,4602.01,4686.36,4590.39,91846146,81351685184.9
2024-08-21,4589.09,4587.12,4610.87,4582.27,83526910,74809964819.1
2024-08-22,4589.5,4533.37,4595.05,4526.25,85856868,78202476718.8
2024-08-23,4523.99,4537.09,4549.3,4513.2,75778364,71369991695.7
2024-08-26,4542.86,4544.36,4558.59,4523.73,87118296,84365247766.9
2024-08-27,4532.49,4495.29,4532.49,4487.09,82529205,78742868644.7
2024-08-28,4486.43,4500.01,4527.77,4482.03,82681199,74244549232.7
2024-08-29,4483.55,4557.9,4577.79,4475.22,103115562,96829969885.4
2024-08-30,4557.5,4639.11,4704.34,4548.38,151593361,144749168233.3
2024-09-02,4631.9,4546.88,4632.31,4546.84,126368517,115893027848.1
2024-09-03,4543.22,4596.48,4612.28,4543.22,98589686,92749159672.5
2024-09-04,4567.69,4582.08,4623.38,4552.3,92435685,88646018095.4
2024-09-05,4585.17,4601.09,4630.64,4582.05,80583723,80148632780.7
2024-09-06,4609.34,4537.45,4613.31,4535.35,90147596,80215749103.2
2024-09-09,4517.57,4507.19,4541.79,4487.84,91944608,81907584834.7
2024-09-10,4509.32,4507.71,4528.67,4432.91,98529542,87011759811.7
2024-09-11,4490.19,4514.92,4529.35,4479.03,85206842,81707868059.9
2024-09-12,4518.99,4496.59,4568.75,4496.59,86654304,80916511375.5
2024-09-13,4500.39,4450.96,4509.07,4450.96,92533757,85710614259.9
2024-09-18,4450.09,4462.87,4474.72,4397.16,90989683,79102523647.7
2024-09-19,4481.46,4520.39,4565.39,4437.54,115611868,105405904204.6
2024-09-20,4514.96,4498.39,4515.81,4471.94,94312044,89084435754.7
2024-09-23,4495.78,4494.69,4545.54,4483.13,89935227,85104838086.0
2024-09-24,4524.22,4689.6,4690.57,4503.12,177144703,159947071682.9
2024-09-25,4743.63,4731.48,4847.2,4724.43,204593519,182209573751.3
2024-09-26,4726.0,4938.18,4938.18,4719.35,229930323,196122560309.1
2024-09-27,5027.26,5201.67,5227.96,5021.51,230177508,232646658012.5
2024-09-30,5449.79,5743.22,5757.92,5387.34,388703200,418784669568.5
2024-10-08,6417.81,6155.58,6417.81,5868.85,493546420,579263323621.8
2024-10-09,6013.7,5735.64,6088.08,5704.48,431156416,529447530363.7
2024-10-10,5768.61,5690.88,5875.94,5597.48,353480245,390814224053.0
2024-10-11,5650.05,5470.81,5652.85,5408.87,244383373,266749263112.0
2024-10-14,5503.65,5608.15,5623.97,5408.39,250608541,279231292488.6
2024-10-15,5578.26,5472.56,5661.07,5471.88,238997019,276816614630.7
2024-10-16,5393.67,5461.09,5546.18,5393.67,205450926,222425749319.4
2024-10-17,5499.77,5418.99,5541.03,5417.88,202768685,234458932483.4
2024-10-18,5416.03,5640.02,5774.14,5404.2,287114219,352062136787.1
2024-10-21,5680.56,5704.23,5797.88,5631.23,266885186,359965731439.6
2024-10-22,5703.32,5753.85,5779.3,5673.79,237023624,312584329119.8
2024-10-23,5745.11,5776.38,5853.46,5727.77,273412640,336167749458.4
2024-10-24,5747.56,5726.7,5759.87,5694.78,207690046,257232250889.5
2024-10-25,5735.29,5809.69,5855.26,5729.44,236725708,299590180533.3
2024-10-28,5816.33,5883.72,5883.72,5787.48,270653787,312663682663.8
2024-10-29,5903.31,5812.53,5917.21,5807.29,275371143,332481504886.9
2024-10-30,5793.83,5837.93,5869.11,5777.43,252021275,315956554496.2
2024-10-31,5839.98,5901.29,5935.18,5812.03,313549202,377454102584.7
2024-11-01,5893.32,5831.82,5934.2,5795.08,369840641,429257467070.0
2024-11-04,5835.39,5928.91,5928.91,5835.39,286552294,342776867779.9
2024-11-05,5925.87,6111.97,6119.25,5910.89,366344492,441462863294.4
2024-11-06,6134.92,6125.79,6204.53,6081.81,415187737,502324104677.0
2024-11-07,6061.73,6239.56,6240.76,6049.59,418413323,465814955829.2
2024-11-08,6306.8,6222.45,6333.68,6206.29,385648347,470080201608.9
2024-11-11,6211.03,6330.62,6330.8,6199.06,334096921,453328339552.7
2024-11-12,6349.23,6263.88,6382.98,6205.1,332856919,452685440809.0
2024-11-13,6234.16,6259.84,6282.28,6162.9,260400673,347812976326.8
2024-11-14,6240.61,6078.31,6240.61,6068.66,239743138,317335892174.5
2024-11-15,6055.54,5924.48,6093.42,5924.35,236226042,309679795180.8
2024-11-18,5940.49,5833.04,5977.49,5799.91,282527224,296423264134.4
2024-11-19,5836.61,5936.6,5936.93,5776.2,241404215,262477730599.7
2024-11-20,5920.32,5992.39,6015.23,5909.11,217345224,261005441610.0
2024-11-21,5973.15,5985.31,6009.63,5937.81,206198941,252722313895.1
2024-11-22,5969.08,5750.25,5983.34,5750.25,225066737,267675732292.4
2024-11-25,5754.55,5735.65,5774.82,5662.09,186005060,215261571671.1
2024-11-26,5727.37,5690.48,5773.36,5688.58,147562865,170186745318.8
2024-11-27,5669.55,5804.94,5805.64,5604.0,175313302,204528721580.5
2024-11-28,5802.8,5757.6,5826.49,5749.29,172183537,204358289211.1
2024-11-29,5748.17,5851.94,5899.87,5736.41,204255544,243571196943.7
2024-12-02,5853.71,5943.62,5956.6,5848.42,236181308,257212815525.1
2024-12-03,5946.74,5932.12,5954.66,5877.8,209870509,229346951926.7
2024-12-04,5929.48,5879.27,5940.85,5850.91,215991634,234212942758.9
2024-12-05,5855.74,5901.99,5923.62,5853.53,198542236,212251881677.0
2024-12-06,5903.5,5979.2,6011.77,5877.04,265329536,255600553068.3
2024-12-09,5983.33,5947.11,6004.23,5911.36,284462209,237294662391.5
2024-12-10,6132.29,5992.09,6141.07,5982.58,320527823,324711288431.3
2024-12-11,5973.33,6047.11,6051.47,5972.27,253883941,250011474489.1
2024-12-12,6048.78,6100.39,6107.71,6023.23,243653690,258380795570.8
2024-12-13,6065.95,5988.29,6065.95,5988.29,286328198,307316221178.0
2024-12-16,5983.16,5912.6,5991.58,5888.04,214647441,241790858877.2
2024-12-17,5896.97,5848.16,5924.62,5837.25,193108547,204630242337.7
2024-12-18,5861.26,5888.62,5921.98,5853.16,187996290,193282038369.0
2024-12-19,5829.26,5901.92,5918.49,5816.47,196531194,211287492264.4
2024-12-20,5889.95,5917.18,5962.42,5889.95,178090399,221132517265.6
2024-12-23,5917.69,5818.55,5935.15,5815.34,177315486,217347047187.5
2024-12-24,5827.16,5895.26,5897.19,5827.16,167365824,196112525345.7
2024-12-25,5896.43,5840.29,5897.51,5796.65,157279132,191269446368.3
2024-12-26,5830.72,5887.06,5897.48,5830.72,145319444,201723277582.2
2024-12-27,5892.69,5899.17,5975.79,5881.72,179085498,236680633735.7
2024-12-30,5890.46,5898.88,5928.57,5867.85,155565586,196182578970.3
2024-12-31,5902.03,5725.73,5905.46,5725.73,182158855,217194009078.8
2025-01-02,5717.92,5545.82,5722.11,5498.82,193763157,220078999057.0
2025-01-03,5552.75,5427.8,5581.4,5419.74,174077310,187233075270.9
2025-01-06,5421.07,5427.1,5482.63,5384.33,146265658,156743673376.1
2025-01-07,5429.17,5484.68,5485.58,5405.13,145065278,159836326878.2
2025-01-08,5462.32,5461.59,5501.66,5326.93,163849915,181141237075.9
2025-01-09,5437.81,5456.59,5493.68,5436.7,129832627,156798867820.6
2025-01-10,5449.0,5369.28,5496.38,5369.28,130179553,159984103633.2
2025-01-13,5319.7,5381.7,5422.01,5319.27,119682937,139406540969.0
2025-01-14,5393.76,5572.27,5582.84,5378.59,172142860,208083727936.2
2025-01-15,5559.58,5522.46,5569.19,5509.58,138393243,169060453013.4
2025-01-16,5546.7,5545.63,5633.85,5508.91,149318085,182995873631.7
2025-01-17,5524.21,5587.29,5621.94,5519.41,126691174,164437435727.2
2025-01-20,5621.92,5614.33,5665.18,5598.16,135712507,173426107632.4
2025-01-21,5639.6,5633.92,5642.92,5573.5,126491300,170909135202.8
2025-01-22,5606.85,5607.06,5618.58,5567.78,115374996,158106585548.6
2025-01-23,5659.37,5584.25,5717.69,5584.25,163419987,203633761249.2
2025-01-24,5570.48,5649.95,5660.43,5570.48,139438058,180858845316.0
2025-01-27,5660.48,5589.34,5676.03,5589.34,136546056,163085841547.7
2025-02-05,5643.17,5614.39,5646.04,5588.56,155674141,214999512244.8
2025-02-06,5606.87,5747.9,5749.02,5597.32,181428193,257122087039.6
2025-02-07,5750.29,5833.99,5889.43,5741.73,232718863,327949184790.5
2025-02-10,5858.24,5888.55,5895.41,5836.17,209300905,286253277530.5
2025-02-11,5890.37,5858.28,5890.37,5827.38,181920508,260281069640.5
2025-02-12,5841.36,5940.53,5940.54,5841.32,195446155,285438865878.9
2025-02-13,5938.2,5898.26,5957.58,5889.7,228281839,313080162906.2
2025-02-14,5893.93,5947.8,5954.48,5886.95,211914261,306627494264.1
2025-02-17,5979.84,5948.72,5985.36,5906.27,233901689,356940293723.8
2025-02-18,5935.5,5840.71,5947.93,5816.05,214941482,306905660928.8
2025-02-19,5834.95,5943.88,5945.35,5831.48,205298305,313960331576.5
2025-02-20,5941.6,5957.55,5977.73,5920.57,198207411,305885399073.0
2025-02-21,5969.65,6057.06,6061.82,5943.19,252317128,396960769353.7
2025-02-24,6057.38,6044.97,6079.02,6007.18,243813798,382362648270.6
2025-02-25,5967.04,5979.97,6044.76,5956.18,206833953,340316449158.0
2025-02-26,5990.29,6051.74,6055.87,5973.86,210860898,327265336672.0
2025-02-27,6050.19,6028.99,6064.49,5940.34,216652930,328254761442.7
2025-02-28,5997.92,5859.87,6007.47,5847.15,205223814,298290643729.1
2025-03-03,5875.95,5885.77,5964.27,5851.56,185024581,266955659875.8
2025-03-04,5845.47,5937.63,5943.08,5843.46,153922211,231145314804.5
2025-03-05,5937.11,5950.7,5955.9,5892.53,163071500,241738025092.7
2025-03-06,5980.38,6047.77,6062.54,5972.6,213042852,320542701863.5
2025-03-07,6029.38,6013.77,6067.35,5989.32,207437149,301122130059.3
2025-03-10,6022.68,6013.62,6041.52,5971.81,173044336,248513462299.4
2025-03-11,5944.42,6044.97,6044.97,5942.91,173855643,245205106219.3
2025-03-12,6068.38,6040.5,6098.24,6038.82,184763537,267906301206.6
2025-03-13,6032.85,5993.97,6050.18,5947.78,193710717,253622427436.4
2025-03-14,5993.97,6099.98,6099.98,5978.53,219245834,289038080526.0
2025-03-17,6119.61,6108.02,6129.85,6098.51,184317273,250160671107.9
2025-03-18,6126.04,6133.3,6161.23,6114.21,166023043,236342189394.2
2025-03-19,6117.42,6101.44,6128.23,6076.56,153893780,218871992193.0
2025-03-20,6094.84,6059.49,6109.18,6055.38,147187865,203849586195.9
2025-03-21,6038.99,5971.93,6071.08,5951.8,174103785,225801003414.7
2025-03-24,5973.05,5969.08,5987.06,5882.88,169192435,220094329255.6
2025-03-25,5969.42,5946.95,5993.93,5929.67,147483948,192227014821.0
2025-03-26,5935.85,5948.5,5983.47,5935.85,136702111,171695842016.5
2025-03-27,5932.52,5957.6,6000.66,5891.77,134708904,176590477346.0
2025-03-28,5954.73,5916.03,5973.8,5904.92,134261927,168899478619.3
2025-03-31,5886.96,5857.77,5908.3,5802.42,154256090,189563392181.2
2025-04-01,5870.94,5892.85,5931.5,5867.85,136448602,179327950524.9
2025-04-02,5884.89,5899.09,5936.65,5884.11,112159960,140642079451.3
2025-04-03,5842.62,5845.5,5906.71,5817.97,134938625,173662140191.8
2025-04-07,5523.96,5287.03,5587.85,5212.68,236522656,267397400609.4
2025-04-08,5279.76,5326.91,5371.18,5249.23,223840665,261875349400.4
2025-04-09,5249.68,5439.77,5465.14,5135.97,245118027,288257435803.9
2025-04-10,5534.56,5544.06,5610.19,5513.95,211963035,268666431276.5
2025-04-11,5514.19,5581.32,5631.6,5510.89,164411663,227659789695.8
2025-04-14,5633.78,5627.14,5661.8,5608.73,155487077,207470466690.5
2025-04-15,5625.0,5602.53,5626.68,5567.03,123273708,161900884812.5
2025-04-16,5589.78,5556.86,5592.67,5492.65,132537224,163751037649.9
2025-04-17,5527.59,5557.01,5604.62,5526.89,113652382,148283242243.4
2025-04-18,5546.97,5560.72,5579.48,5525.4,111644258,139804146811.9
2025-04-21,5556.51,5642.38,5646.22,5535.7,123111883,160264813233.9
2025-04-22,5634.89,5624.21,5651.55,5617.88,124666689,164464321326.5
2025-04-23,5647.91,5634.95,5670.26,5614.77,127007764,177991292765.2
2025-04-24,5633.02,5605.88,5651.53,5583.43,122696696,157899194340.6
2025-04-25,5613.14,5627.18,5661.59,5596.53,140000800,171933817273.4
2025-04-28,5624.42,5598.3,5628.08,5587.79,136218094,167616287077.3
2025-04-29,5583.72,5604.91,5622.02,5571.24,126742927,158033003939.8
2025-04-30,5604.65,5631.82,5647.78,5603.17,138386621,181616584522.5
2025-05-06,5668.88,5740.33,5740.33,5666.47,162773606,217059975785.3
2025-05-07,5805.66,5750.29,5819.24,5713.27,171011757,227566204818.1
2025-05-08,5731.72,5773.81,5783.79,5724.95,136140322,187032631458.8
2025-05-09,5770.44,5721.72,5770.44,5705.17,123939007,178162276679.5
2025-05-12,5751.44,5793.67,5794.52,5737.46,135824367,199426833721.2
2025-05-13,5838.03,5781.67,5838.03,5772.07,138271081,194252270526.7
2025-05-14,5778.08,5799.12,5835.49,5750.54,156279994,188145126840.3
2025-05-15,5786.78,5715.3,5786.78,5715.29,135160768,165136693963.9
2025-05-16,5703.74,5715.85,5735.01,5703.74,116709136,141882122895.5
2025-05-19,5719.44,5720.79,5729.07,5669.72,115384939,141098692009.1
2025-05-20,5723.51,5747.37,5759.46,5707.81,116896615,151751185853.6
2025-05-21,5741.69,5757.92,5763.08,5733.83,115804542,155147378006.4
2025-05-22,5739.19,5703.28,5757.79,5701.16,109057720,141620883824.3
2025-05-23,5697.14,5653.04,5738.08,5653.04,114361198,148123602870.9
2025-05-26,5653.21,5669.46,5693.63,5644.58,97170989,127343603493.8
2025-05-27,5666.3,5652.15,5667.87,5629.13,95149363,125275690002.2
2025-05-28,5651.88,5637.24,5660.47,5628.42,94908883,119959827369.0
2025-05-29,5637.06,5719.91,5724.52,5637.06,114682484,148095092966.2
2025-05-30,5704.77,5671.07,5704.77,5665.52,109900707,137670579253.9
2025-06-03,5653.67,5694.84,5710.42,5653.3,122853903,159996843500.1
2025-06-04,5696.57,5739.01,5744.45,5696.57,116196077,150314940398.1
2025-06-05,5741.03,5769.97,5778.1,5719.55,125223584,174970104156.2
2025-06-06,5768.4,5762.08,5771.76,5750.66,108217660,148022372105.1
2025-06-09,5772.78,5805.65,5823.9,5765.35,128188619,171482411225.9
2025-06-10,5809.83,5757.99,5810.92,5715.97,138269181,182980299992.1
2025-06-11,5758.53,5792.95,5818.57,5758.53,123716707,161353672422.0
2025-06-12,5780.97,5799.93,5808.8,5766.52,125615846,165393538363.1
2025-06-13,5783.16,5740.24,5794.67,5728.21,167613374,216010351562.9
2025-06-16,5725.0,5767.81,5775.95,5725.0,128242658,170989175829.1
2025-06-17,5772.3,5750.91,5776.63,5734.83,121526624,160121673881.7
2025-06-18,5740.16,5745.87,5753.71,5709.8,112703844,154540142782.6
2025-06-19,5733.81,5676.83,5750.46,5660.05,125531134,162657974788.2
2025-06-20,5669.09,5639.51,5688.74,5636.78,101794766,135042595005.9
2025-06-23,5613.28,5674.17,5684.4,5613.28,111601802,146034994434.9
2025-06-24,5683.46,5765.84,5766.02,5683.46,142082256,191935453604.6
2025-06-25,5777.74,5862.55,5866.52,5776.12,184632310,239260448527.5
2025-06-26,5868.29,5838.25,5885.25,5835.34,180164163,235223723201.8
2025-06-27,5850.43,5863.73,5905.7,5839.58,199389725,243302989299.7
2025-06-30,5877.67,5915.39,5918.31,5872.23,166275147,226516690563.4
2025-07-01,5915.8,5934.67,5936.92,5890.11,154192365,213595657433.4
2025-07-02,5922.54,5892.95,5922.54,5873.89,162500485,194981070907.2
2025-07-03,5896.24,5922.66,5929.73,5885.94,130070046,174689067393.9
2025-07-04,5917.75,5911.44,5969.3,5889.73,164941060,211373135686.2
2025-07-07,5901.4,5900.41,5910.8,5889.6,137207362,165759099335.8
2025-07-08,5903.1,5977.74,5979.63,5903.1,168681142,216966438897.8
2025-07-09,5980.65,5953.49,5992.13,5940.18,164914402,207864435842.8
2025-07-10,5950.97,5983.05,6000.69,5942.29,176242607,207636636985.2
2025-07-11,5985.82,6027.08,6057.62,5963.26,222363098,263484519394.2
2025-07-14,6033.18,6020.86,6042.89,6011.69,189277444,226290847208.0
2025-07-15,6018.63,6018.76,6049.79,5973.8,189736234,246076758437.0
2025-07-16,6019.58,6017.19,6061.2,5997.16,148610062,213065134852.4
2025-07-17,6013.71,6082.46,6082.46,6013.04,149692658,235042939349.0
2025-07-18,6092.23,6099.61,6112.11,6073.64,153152204,236482711042.0
2025-07-21,6115.03,6161.31,6162.44,6110.99,207350507,272008062680.9
2025-07-22,6166.62,6213.41,6215.41,6152.81,246211642,313661670874.1
2025-07-23,6218.21,6196.76,6256.15,6187.01,258377896,311060238982.0
2025-07-24,6197.85,6293.6,6293.6,6197.85,268355564,320187942645.6
2025-07-25,6297.63,6299.59,6311.17,6276.42,237055328,304368073044.4
2025-07-28,6305.22,6323.42,6329.03,6271.93,214448267,305210098011.3
2025-07-29,6308.12,6356.13,6356.15,6272.31,201757629,292526917595.6
2025-07-30,6345.37,6314.69,6368.27,6269.51,212128411,304778465291.6
2025-07-31,6297.91,6226.34,6322.07,6206.19,224214237,322273638101.9
2025-08-01,6221.05,6213.2,6253.66,6177.48,165907191,254479551590.7
2025-08-04,6190.34,6261.73,6261.96,6187.62,148591480,236649250157.6
2025-08-05,6277.01,6303.24,6303.24,6272.51,154206665,235654712149.9
2025-08-06,6298.93,6357.38,6357.59,6293.22,166027638,263770937890.4
2025-08-07,6356.33,6337.54,6366.21,6299.49,170446400,274900586379.3
2025-08-08,6324.17,6323.5,6351.33,6308.15,172507526,259175300068.3
2025-08-11,6335.43,6391.76,6404.83,6335.43,174909199,277034087552.0
2025-08-12,6392.4,6418.16,6418.16,6360.11,168351918,290495345645.2
2025-08-13,6422.79,6508.1,6514.46,6422.21,216022423,353506820818.3
2025-08-14,6509.21,6429.85,6519.79,6411.92,228953168,367959844603.9
2025-08-15,6417.39,6568.57,6570.5,6417.39,245217240,381378599737.4
2025-08-18,6612.99,6668.17,6709.78,6580.44,302448229,491491240868.3
2025-08-19,6663.16,6655.31,6707.11,6631.12,252839276,444629213612.5
2025-08-20,6623.61,6728.07,6728.07,6598.55,244233907,409671381116.0
2025-08-21,6739.69,6704.17,6767.32,6673.06,242540164,404122614402.8
2025-08-22,6704.03,6822.85,6823.36,6704.03,256783820,446681185868.5
2025-08-25,6886.27,6951.9,6967.8,6863.93,333828945,574922701236.5
2025-08-26,6928.29,6964.07,7008.96,6910.41,281532382,490812217440.6
2025-08-27,6964.77,6862.56,7074.63,6862.56,328060183,583863938867.0
2025-08-28,6858.5,7011.16,7011.16,6798.93,308061786,563651749090.8
2025-08-29,7030.27,7043.94,7078.92,6990.75,280915814,523041433984.9
2025-09-01,7087.73,7110.29,7110.69,7038.34,285908311,536161179931.4
2025-09-02,7108.94,6961.69,7108.94,6909.72,294036539,541493734529.3
2025-09-03,6988.02,6868.46,7003.27,6846.18,259083266,449579909558.7
2025-09-04,6884.36,6698.45,6906.69,6607.98,270341894,471991424482.0
2025-09-05,6709.15,6913.95,6919.34,6678.6,240857457,431958521699.5
2025-09-08,6927.41,6992.12,6995.72,6896.66,244174304,455360584113.9
2025-09-09,6959.94,6928.97,6999.73,6895.51,225843557,394761613186.2
2025-09-10,6911.11,6932.11,6977.77,6870.4,189922867,359667340648.0
2025-09-11,6924.3,7122.71,7123.05,6889.59,243951061,469498304002.7
2025-09-12,7115.61,7147.75,7200.16,7112.42,266567508,499359865690.2
2025-09-15,7170.41,7137.36,7174.89,7126.83,238265724,441828732816.1
2025-09-16,7152.19,7190.99,7195.42,7080.43,242349183,435210189393.5
2025-09-17,7184.26,7260.04,7265.39,7159.67,258264449,445549244676.8
2025-09-18,7248.28,7199.88,7350.98,7115.63,348589541,604238742366.8
2025-09-19,7200.69,7170.35,7232.0,7142.06,271507193,450654116274.6
2025-09-22,7182.89,7225.13,7225.86,7143.08,231858069,421916002388.8
2025-09-23,7240.85,7180.71,7250.82,7045.56,281283634,495068970675.9
2025-09-24,7140.31,7323.71,7327.02,7133.43,240064938,477262274280.4
2025-09-25,7325.66,7341.32,7379.61,7312.35,236175030,493046787219.8
2025-09-26,7311.84,7240.91,7351.79,7237.05,211444148,430197601817.0
2025-09-29,7251.52,7350.56,7377.22,7216.74,233539418,433864489694.5
2025-09-30,7372.52,7412.37,7428.03,7372.06,220707502,444956374594.1
2025-10-09,7470.05,7548.92,7559.09,7437.32,283130784,535756806831.8
2025-10-10,7499.39,7398.22,7509.12,7373.98,262256646,502127435137.5
2025-10-13,7135.1,7376.56,7391.82,7135.1,258027817,473285532818.8
2025-10-14,7434.11,7194.85,7459.02,7166.08,277358873,505838515442.6
2025-10-15,7205.74,7294.0,7294.0,7153.42,217559777,397458970801.8
2025-10-16,7269.26,7231.53,7305.95,7206.44,194936370,359837530025.8
2025-10-17,7226.42,7016.07,7254.58,7009.89,200044113,348113892817.2
2025-10-20,7092.88,7069.64,7129.99,7033.38,176834192,314675076901.6
2025-10-21,7095.62,7185.62,7193.73,7082.3,205973829,344991294992.6
2025-10-22,7135.21,7128.48,7166.56,7101.83,169743254,286200266692.2
2025-10-23,7108.85,7142.95,7153.66,7022.29,188933732,286304409856.4
2025-10-24,7175.92,7258.53,7258.53,7174.35,195323933,366061817471.7
2025-10-27,7336.2,7379.39,7391.21,7302.02,232051821,471762068046.1
2025-10-28,7344.45,7341.03,7404.76,7308.27,202118463,422068633884.5
2025-10-29,7350.76,7480.97,7480.97,7350.76,223844133,443141380250.4
2025-10-30,7462.43,7385.71,7463.65,7375.24,243412036,473832269828.3
2025-10-31,7385.74,7331.0,7430.86,7331.0,232041676,434918176654.6
2025-11-03,7327.12,7333.6,7336.51,7214.83,221687060,390397102165.8
2025-11-04,7315.19,7210.83,7323.7,7167.35,193325842,326392392688.4
2025-11-05,7098.96,7229.34,7257.84,7098.96,195580243,311844646147.3
2025-11-06,7243.2,7345.72,7352.18,7243.2,201722967,352809569430.2
2025-11-07,7307.3,7327.91,7371.44,7285.82,192920578,336398935520.3
2025-11-10,7357.34,7343.8,7384.79,7289.77,204501330,371310636981.7
2025-11-11,7364.93,7291.61,7379.81,7281.97,191660313,338597660848.1
2025-11-12,7264.79,7243.25,7305.86,7187.87,185507010,313840341324.2
2025-11-13,7243.64,7355.29,7366.41,7243.64,199890230,339596060555.8
2025-11-14,7283.7,7235.46,7329.6,7235.46,205864910,310485059932.4
2025-11-17,7248.92,7235.35,7262.33,7202.59,203050602,310823159399.7
2025-11-18,7215.03,7151.02,7230.54,7118.41,202214121,306540024621.6
2025-11-19,7141.26,7122.75,7178.15,7086.12,162786602,256755086038.0
2025-11-20,7174.1,7061.95,7180.73,7056.9,159618746,254158167502.1
2025-11-21,6955.75,6817.41,6986.78,6817.41,208933384,310968718151.3
2025-11-24,6856.75,6868.97,6905.92,6797.5,166363913,270213254389.5
2025-11-25,6915.12,6954.6,7018.47,6912.32,162712530,289204914941.8
2025-11-26,6946.08,6965.05,7024.88,6936.88,148943526,274858341724.5
2025-11-27,6970.73,6951.28,7045.84,6943.44,137841103,253013152924.5
2025-11-28,6947.24,7031.55,7031.71,6941.48,140211184,243255194578.2
2025-12-01,7053.85,7101.83,7101.83,7040.8,178973432,308533693613.8
2025-12-02,7084.8,7040.3,7085.3,7022.61,149518197,247360273405.6
2025-12-03,7044.86,6996.36,7064.16,6975.09,157838867,251308651462.9
2025-12-04,7001.64,7012.81,7039.72,6958.63,141038338,239912559988.0
2025-12-05,7008.65,7097.84,7104.02,6965.81,168738274,275108399690.5
2025-12-08,7119.05,7172.37,7193.72,7114.32,192611750,347244592783.5
2025-12-09,7150.97,7121.33,7185.11,7103.83,166901066,305522303623.1
2025-12-10,7111.57,7155.99,7171.97,7070.48,153967827,280495257218.4
2025-12-11,7171.21,7082.89,7179.42,7082.89,181848554,300744575886.1
2025-12-12,7088.1,7169.79,7187.1,7063.84,198402473,373144936682.2
2025-12-15,7121.38,7113.96,7177.15,7110.68,172174064,301023637030.3
2025-12-16,7101.67,7001.32,7102.77,6962.65,172065874,284968704393.8
2025-12-17,7002.51,7137.83,7160.78,6988.87,174413136,302410118522.7
2025-12-18,7096.98,7100.84,7172.96,7094.54,154896123,275510779270.5
2025-12-19,7124.4,7169.55,7197.07,7117.16,178843146,292738015322.5
2025-12-22,7205.49,7255.66,7277.39,7205.49,178242881,327207674824.3
2025-12-23,7257.91,7256.79,7297.7,7228.72,173476002,328559029521.9
2025-12-24,7257.62,7352.04,7362.57,7247.41,168837713,331930929314.7
2025-12-25,7341.92,7410.71,7426.14,7334.34,168414201,336366985228.8
2025-12-26,7422.6,7458.84,7484.92,7397.43,199276884,386914288411.3
2025-12-29,7467.5,7430.61,7491.69,7411.45,198844338,390446087065.9
2025-12-30,7390.14,7458.94,7495.06,7389.87,196203615,407623516139.8
2025-12-31,7473.75,7465.57,7488.07,7435.07,194427743,380369638018.7
2026-01-05,7523.88,7651.2,7651.24,7523.25,251853863,504690493732.0
2026-01-06,7663.94,7814.14,7814.65,7663.66,313125102,571675102991.1
2026-01-07,7838.91,7875.08,7909.66,7828.39,293903440,582740692942.6
2026-01-08,7853.21,7894.54,7938.59,7849.07,293561735,564453373682.6
2026-01-09,7907.85,8056.69,8064.76,7907.85,314624674,631145879411.5
2026-01-12,8141.63,8249.13,8261.35,8103.24,335236286,685824116976.6
2026-01-13,8270.42,8143.28,8270.42,8106.61,364131033,735218804688.9
2026-01-14,8165.35,8227.7,8368.22,8123.4,422766002,815959272095.4
2026-01-15,8170.35,8223.27,8249.03,8148.79,313595830,600802134839.4
2026-01-16,8241.69,8232.67,8292.74,8204.53,281979042,616185542296.4
2026-01-19,8199.5,8287.95,8318.37,8195.09,261497382,560926083767.2
2026-01-20,8307.64,8247.8,8342.87,8142.14,289864460,588171478668.1
2026-01-21,8196.56,8340.11,8351.45,8196.56,243304381,517592184757.5
2026-01-22,8355.68,8387.6,8396.13,8337.2,268805243,546138129653.9
2026-01-23,8422.36,8590.17,8590.17,8417.75,319690069,639421447042.0
2026-01-26,8624.89,8506.69,8671.35,8453.48,349285597,692104522399.7
2026-01-27,8464.65,8548.93,8581.1,8368.18,302852606,610885915269.2
2026-01-28,8565.34,8601.16,8633.15,8526.53,311774257,612731517849.5
2026-01-29,8584.68,8517.84,8658.94,8503.09,354198387,666256871148.3
2026-01-30,8439.65,8370.52,8496.34,8194.58,328947170,600497374470.5
2026-02-02,8279.72,8037.05,8324.43,8032.35,299646022,546055656717.8
2026-02-03,8135.87,8286.7,8286.7,8075.37,272227136,543264486191.1
2026-02-04,8270.84,8299.06,8309.86,8179.35,268860277,501886746835.7
2026-02-05,8203.06,8146.11,8224.78,8081.43,231840515,435277701063.7
2026-02-06,8054.22,8146.41,8247.3,8014.66,218642144,418373434780.9
2026-02-09,8280.11,8311.28,8313.47,8229.0,211667566,427982319251.6
2026-02-10,8318.53,8306.44,8331.99,8258.15,195806220,394283311159.0
2026-02-11,8295.33,8325.81,8373.5,8295.12,204019703,388612429404.3
2026-02-12,8342.37,8423.57,8437.42,8341.77,212138318,438320451204.1
2026-02-13,8366.33,8299.59,8419.76,8290.84,202785725,406320461061.6
2026-02-24,8403.31,8392.91,8444.13,8328.57,224629278,449713840344.2
2026-02-25,8412.08,8527.56,8551.53,8401.6,277893389,506848669829.3
2026-02-26,8542.83,8557.22,8582.76,8490.92,254111765,513984663150.7
2026-02-27,8499.8,8658.45,8658.45,8499.8,280361167,512821943080.7
2026-03-02,8585.85,8658.33,8683.98,8551.46,339032296,619505358994.6
2026-03-03,8651.06,8281.61,8654.57,8267.11,346153906,634660475372.6
2026-03-04,8167.98,8248.95,8377.17,8167.98,272107714,471470145318.9
2026-03-05,8383.55,8309.17,8391.04,8251.11,256343454,472940762598.8
2026-03-06,8273.18,8360.33,8394.33,8258.64,234514960,427695132113.2
2026-03-09,8234.19,8279.48,8305.92,8066.14,286518510,523828528067.1
2026-03-10,8341.14,8410.3,8412.93,8330.93,239941358,465082278986.8
2026-03-11,8419.31,8403.33,8439.62,8379.03,264487389,495752480830.4
2026-03-12,8396.72,8359.47,8433.04,8290.59,282436504,478413662733.3
2026-03-13,8317.78,8239.8,8371.72,8217.97,288130990,482367288675.4
2026-03-16,8227.69,8185.15,8233.66,8060.78,256205982,460796897377.5
2026-03-17,8199.99,8016.03,8207.46,8016.0,230132800,406247342906.9
2026-03-18,8044.92,8096.43,8105.96,7958.45,206493923,391242647481.5
2026-03-19,7975.85,7877.09,8000.43,7844.15,219744866,394855039942.2
2026-03-20,7913.49,7760.04,7941.59,7757.83,219448788,417113691310.9
2026-03-23,7623.24,7440.75,7708.43,7399.04,271561024,451938508509.5
2026-03-24,7555.08,7597.37,7597.37,7379.86,228966418,388538162383.5
2026-03-25,7660.4,7767.67,7806.91,7660.4,240711554,423378163951.9
2026-03-26,7757.02,7642.13,7777.29,7620.78,206216126,355916679311.1
2026-03-27,7539.2,7737.61,7785.38,7539.2,188205066,344204684320.8
2026-03-30,7655.15,7753.72,7766.11,7610.55,197838569,361442205072.7
2026-03-31,7740.58,7617.33,7788.89,7617.33,199086035,376502133010.5
2026-04-01,7764.34,7750.09,7778.99,7689.59,175960670,354799494800.9
2026-04-02,7726.45,7605.29,7740.1,7562.21,172084873,325589868202.8
2026-04-03,7636.66,7534.94,7640.84,7518.35,151637356,283332454878.6
2026-04-07,7562.14,7571.11,7630.14,7529.4,146961357,279371106677.1
2026-04-08,7741.63,7945.15,7945.15,7741.63,231936612,460383859320.9
2026-04-09,7865.21,7898.63,7947.68,7845.96,190555650,398032241410.3
2026-04-10,7958.81,7969.36,8070.65,7953.5,203404351,433921803732.1
2026-04-13,7917.92,7967.7,7990.98,7917.92,194948695,409703666198.3
2026-04-14,8039.07,8088.57,8088.57,8002.65,214295672,460131213095.0
2026-04-15,8144.81,8044.08,8150.62,8020.87,203656066,456985404068.8
2026-04-16,8068.15,8180.08,8189.18,8056.78,188455683,429996215501.7
2026-04-17,8155.4,8214.19,8230.11,8149.94,191578840,453410855651.4
2026-04-20,8223.58,8290.02,8310.94,8214.26,213764020,507388177413.2
2026-04-21,8263.38,8270.33,8281.32,8189.76,201836317,441523125471.6
2026-04-22,8226.85,8376.18,8377.34,8226.85,213337236,501951553119.2
2026-04-23,8387.76,8295.21,8401.5,8220.95,249486989,565097207106.9
2026-04-24,8244.78,8247.88,8299.88,8165.8,222311893,518618099348.0
2026-04-27,8236.43,8299.05,8326.15,8219.94,224595802,524219030970.4
2026-04-28,8274.63,8203.96,8275.33,8173.44,220109130,494514573512.5
2026-04-29,8157.35,8342.42,8356.72,8157.35,230872017,489715085654.2
2026-04-30,8331.44,8349.51,8375.19,8300.5,247554652,535036483480.5
2026-05-06,8441.34,8588.44,8621.35,8441.34,274647452,635607537782.5
2026-05-07,8637.84,8696.8,8700.34,8598.71,270994179,620440650748.1
2026-05-08,8638.84,8694.17,8706.33,8616.22,271143535,609002654328.0
2026-05-11,8771.18,8839.74,8863.77,8716.45,288330196,709124529147.4
2026-05-12,8856.18,8785.98,8856.18,8736.42,269870968,633557984263.0
2026-05-13,8730.91,8918.24,8925.88,8730.91,254096888,637052785957.5
2026-05-14,8952.95,8670.16,8956.66,8670.16,289502566,658225134861.2
2026-05-15,8676.62,8536.34,8717.09,8473.04,270961762,643023956618.1
2026-05-18,8493.02,8554.24,8606.41,8472.42,231093417,559260917340.2
2026-05-19,8524.15,8627.95,8633.06,8416.52,243868820,571306974464.0
2026-05-20,8581.39,8656.31,8681.72,8552.43,230418697,574479528727.3
2026-05-21,8703.17,8419.84,8790.38,8406.29,279489158,687607693449.2
2026-05-22,8473.61,8576.94,8591.15,8414.94,221610391,556432683501.9
2026-05-25,8631.21,8703.89,8705.2,8543.89,235052890,629332990093.7
2026-05-26,8665.44,8658.62,8673.21,8529.67,247107844,647239450010.5
2026-05-27,8659.22,8530.98,8722.58,8491.32,259116734,676927953502.8
2026-05-28,8503.67,8563.22,8596.45,8424.45,242240006,596276737161.3
2026-05-29,8589.82,8359.56,8597.98,8296.24,281190616,661406695203.3
2026-06-01,8358.49,8274.21,8442.53,8259.6,258175027,584223622413.5
2026-06-02,8290.83,8321.43,8378.43,8142.51,239589696,548050911652.5
2026-06-03,8317.0,8362.16,8462.67,8294.29,253576531,608167868400.1
2026-06-04,8279.86,8356.74,8391.05,8279.86,230821976,570131396502.5
2026-06-05,8317.64,8251.14,8399.41,8218.14,247089347,612246476401.0
2026-06-08,7978.66,7963.45,8142.34,7889.4,244793198,562548949697.2
2026-06-09,8059.34,8176.18,8181.13,7965.49,209292978,506484788545.9
2026-06-10,8094.14,8063.86,8148.26,7973.55,210910098,509158413551.9
2026-06-11,8025.61,8035.78,8091.68,7965.02,196857776,512698921092.9
2026-06-12,8189.21,8106.2,8258.91,8098.78,266244080,668679920723.6
2026-06-15,8175.05,8406.75,8406.78,8174.59,255562638,624419626262.0
2026-06-16,8430.92,8507.98,8538.19,8413.51,231495094,637593605919.7
2026-06-17,8451.63,8627.09,8630.52,8451.63,224646015,655611276492.6
2026-06-18,8590.5,8673.09,8716.34,8587.98,239467579,667474010744.9
2026-06-22,8709.66,8868.78,8870.49,8605.22,280023119,759846035627.1
2026-06-23,8831.59,8688.59,8895.34,8629.01,272403149,713885739558.1
2026-06-24,8638.66,8842.94,8850.79,8613.08,245311473,684019604157.1
2026-06-25,8844.85,8938.01,8940.96,8803.6,260102086,744120017737.6
2026-06-26,8891.03,8703.57,8926.75,8647.77,258558296,745538234894.3
2026-06-29,8731.58,8821.09,8837.03,8587.88,251461066,741568075882.6
2026-06-30,8815.11,9031.38,9040.13,8771.66,224330809,695096018633.9
2026-07-01,9052.04,9028.93,9147.56,8956.18,263104578,757642507575.4
2026-07-02,8829.62,8694.18,8932.65,8667.42,261281407,732955232218.3
2026-07-03,8702.33,8745.26,8860.42,8636.15,230148424,661131228372.8
2026-07-06,8790.97,8651.13,8823.05,8570.89,230152910,647313365609.8
2026-07-07,8604.08,8508.79,8663.67,8457.58,199639190,530938136092.4
2026-07-08,8539.02,8390.02,8571.52,8343.92,197220165,550698180810.9
2026-07-09,8437.15,8652.79,8659.65,8281.95,215080488,602726823296.4
2026-07-10,8672.36,8503.97,8783.25,8503.24,251414388,713405548512.5
2026-07-13,8409.14,8138.14,8457.69,8106.27,224037631,572975762103.9
2026-07-14,8135.05,8275.94,8275.96,7955.31,215841090,562942515965.9
2026-07-15,8294.14,8147.58,8305.27,8117.46,209115524,512588772725.3
2026-07-16,8006.45,7955.66,8148.04,7907.1,193110603,474607241054.8
2026-07-17,7900.1,7513.76,7908.74,7474.15,236745743,511959798326.9
2026-07-20,7597.77,7411.31,7626.49,7253.52,253763302,537630257769.9
2026-07-21,7437.45,7800.61,7802.75,7270.95,268381453,606955225201.1
2026-07-22,7741.91,7751.66,7889.45,7701.22,230747285,569079906333.4
2026-07-23,7750.85,7734.31,7795.35,7659.0,204974420,453036704959.9
